Profile update completed at Mon Sep  8 01:23:03 UTC 2025
Profile update completed at Tue Sep  9 01:20:23 UTC 2025
Profile update completed at Wed Sep 10 01:18:01 UTC 2025
Profile update completed at Thu Sep 11 01:19:49 UTC 2025
Profile update completed at Fri Sep 12 01:16:43 UTC 2025
Profile update completed at Sat Sep 13 01:13:35 UTC 2025
Profile update completed at Sun Sep 14 01:23:51 UTC 2025
Profile update completed at Mon Sep 15 01:23:54 UTC 2025
Profile update completed at Tue Sep 16 01:17:56 UTC 2025
Profile update completed at Wed Sep 17 01:17:57 UTC 2025
Profile update completed at Thu Sep 18 01:17:30 UTC 2025
Profile update completed at Fri Sep 19 01:20:03 UTC 2025
Profile update completed at Sat Sep 20 01:16:18 UTC 2025
Profile update completed at Sun Sep 21 01:25:58 UTC 2025
Profile update completed at Mon Sep 22 01:25:02 UTC 2025
Profile update completed at Tue Sep 23 01:18:37 UTC 2025
Profile update completed at Wed Sep 24 01:18:59 UTC 2025
Profile update completed at Thu Sep 25 01:19:41 UTC 2025
Profile update completed at Fri Sep 26 01:19:14 UTC 2025
Profile update completed at Sat Sep 27 01:16:20 UTC 2025
Profile update completed at Sun Sep 28 01:26:41 UTC 2025
Profile update completed at Mon Sep 29 01:21:11 UTC 2025
Profile update completed at Tue Sep 30 01:20:16 UTC 2025
Profile update completed at Wed Oct  1 01:27:51 UTC 2025
Profile update completed at Thu Oct  2 01:17:38 UTC 2025
Profile update completed at Fri Oct  3 01:17:24 UTC 2025
Profile update completed at Sat Oct  4 01:15:18 UTC 2025
Profile update completed at Sun Oct  5 01:25:58 UTC 2025
Profile update completed at Mon Oct  6 01:19:57 UTC 2025
Profile update completed at Tue Oct  7 01:18:42 UTC 2025
Profile update completed at Wed Oct  8 01:18:40 UTC 2025
Profile update completed at Thu Oct  9 01:19:17 UTC 2025
Profile update completed at Fri Oct 10 01:19:33 UTC 2025
Profile update completed at Sat Oct 11 01:16:34 UTC 2025
Profile update completed at Sun Oct 12 01:22:58 UTC 2025
Profile update completed at Mon Oct 13 01:24:29 UTC 2025
Profile update completed at Tue Oct 14 01:19:27 UTC 2025
Profile update completed at Wed Oct 15 01:21:27 UTC 2025
Profile update completed at Thu Oct 16 01:20:53 UTC 2025
Profile update completed at Fri Oct 17 01:20:45 UTC 2025
Profile update completed at Sat Oct 18 01:16:52 UTC 2025
Profile update completed at Sun Oct 19 01:37:21 UTC 2025
Profile update completed at Mon Oct 20 01:26:46 UTC 2025
Profile update completed at Tue Oct 21 01:22:43 UTC 2025
Profile update completed at Wed Oct 22 01:24:34 UTC 2025
Profile update completed at Thu Oct 23 01:22:08 UTC 2025
Profile update completed at Fri Oct 24 01:18:30 UTC 2025
Profile update completed at Sat Oct 25 01:19:54 UTC 2025
Profile update completed at Sun Oct 26 01:27:17 UTC 2025
Profile update completed at Mon Oct 27 01:37:59 UTC 2025
Profile update completed at Tue Oct 28 01:21:12 UTC 2025
Profile update completed at Wed Oct 29 01:26:46 UTC 2025
Profile update completed at Thu Oct 30 01:26:22 UTC 2025
Profile update completed at Fri Oct 31 01:23:34 UTC 2025
Profile update completed at Sat Nov  1 01:27:46 UTC 2025
Profile update completed at Sun Nov  2 01:36:31 UTC 2025
Profile update completed at Mon Nov  3 01:27:12 UTC 2025
Profile update completed at Tue Nov  4 01:24:21 UTC 2025
Profile update completed at Wed Nov  5 01:25:30 UTC 2025
Profile update completed at Thu Nov  6 01:25:03 UTC 2025
Profile update completed at Fri Nov  7 01:24:48 UTC 2025
Profile update completed at Sat Nov  8 01:20:11 UTC 2025
Profile update completed at Sun Nov  9 01:28:08 UTC 2025
Profile update completed at Mon Nov 10 01:28:07 UTC 2025
Profile update completed at Tue Nov 11 01:25:33 UTC 2025
Profile update completed at Wed Nov 12 01:25:05 UTC 2025
Profile update completed at Thu Nov 13 01:25:59 UTC 2025
Profile update completed at Fri Nov 14 01:25:41 UTC 2025
Profile update completed at Sat Nov 15 01:22:48 UTC 2025
Profile update completed at Sun Nov 16 01:38:06 UTC 2025
Profile update completed at Mon Nov 17 01:25:56 UTC 2025
Profile update completed at Tue Nov 18 01:25:02 UTC 2025
Profile update completed at Wed Nov 19 01:24:47 UTC 2025
Profile update completed at Thu Nov 20 01:23:25 UTC 2025
Profile update completed at Fri Nov 21 01:24:18 UTC 2025
Profile update completed at Sat Nov 22 01:21:34 UTC 2025
Profile update completed at Sun Nov 23 01:44:21 UTC 2025
Profile update completed at Mon Nov 24 01:39:42 UTC 2025
Profile update completed at Tue Nov 25 01:25:24 UTC 2025
Profile update completed at Wed Nov 26 01:25:28 UTC 2025
